t,count,max,mean,min,stddev,p50,p75,p95,p98,p99,p999
1743304080,1,3333,3333.0,3333,0.0,3333.0,3333.0,3333.0,3333.0,3333.0,3333.0,
1743304110,4,6130,2388.75,39,2936.3022522667293,1693.0,5430.75,6130.0,6130.0,6130.0,6130.0,
1743304140,4,6130,2388.75,39,2936.3022522667293,1693.0,5430.75,6130.0,6130.0,6130.0,6130.0,
1743304170,4,6130,2388.75,39,2936.3022522667293,1693.0,5430.75,6130.0,6130.0,6130.0,6130.0,
1743304200,4,6130,2388.75,39,2936.3022522667293,1693.0,5430.75,6130.0,6130.0,6130.0,6130.0,
1743304231,4,6130,2388.75,39,2936.3022522667293,1693.0,5430.75,6130.0,6130.0,6130.0,6130.0,
1743304261,4,6130,2388.75,39,2936.3022522667293,1693.0,5430.75,6130.0,6130.0,6130.0,6130.0,
1743304291,4,6130,2388.75,39,2936.3022522667293,1693.0,5430.75,6130.0,6130.0,6130.0,6130.0,
1743304321,4,6130,2388.75,39,2936.3022522667293,1693.0,5430.75,6130.0,6130.0,6130.0,6130.0,
1743304354,4,6130,2388.75,39,2936.3022522667293,1693.0,5430.75,6130.0,6130.0,6130.0,6130.0,
1743304384,4,6130,2388.75,39,2936.3022522667293,1693.0,5430.75,6130.0,6130.0,6130.0,6130.0,
1743304414,4,6130,2388.75,39,2936.3022522667293,1693.0,5430.75,6130.0,6130.0,6130.0,6130.0,
1743304444,4,6130,2388.75,39,2936.3022522667293,1693.0,5430.75,6130.0,6130.0,6130.0,6130.0,
1743304474,4,6130,2388.75,39,2936.3022522667293,1693.0,5430.75,6130.0,6130.0,6130.0,6130.0,
1743304504,4,6130,2388.75,39,2936.3022522667293,1693.0,5430.75,6130.0,6130.0,6130.0,6130.0,
1743304534,4,6130,2388.75,39,2936.3022522667293,1693.0,5430.75,6130.0,6130.0,6130.0,6130.0,
1743304564,4,6130,2388.75,39,2936.3022522667293,1693.0,5430.75,6130.0,6130.0,6130.0,6130.0,
1743304594,4,6130,2388.75,39,2936.3022522667293,1693.0,5430.75,6130.0,6130.0,6130.0,6130.0,
1743304624,4,6130,2388.75,39,2936.3022522667293,1693.0,5430.75,6130.0,6130.0,6130.0,6130.0,
1743304654,4,6130,2388.75,39,2936.3022522667293,1693.0,5430.75,6130.0,6130.0,6130.0,6130.0,
1743304684,4,6130,2388.75,39,2936.3022522667293,1693.0,5430.75,6130.0,6130.0,6130.0,6130.0,
1743304714,4,6130,2388.75,39,2936.3022522667293,1693.0,5430.75,6130.0,6130.0,6130.0,6130.0,
1743304744,4,6130,2388.75,39,2936.3022522667293,1693.0,5430.75,6130.0,6130.0,6130.0,6130.0,
1743304774,4,6130,2388.75,39,2936.3022522667293,1693.0,5430.75,6130.0,6130.0,6130.0,6130.0,
1743304804,4,6130,2388.75,39,2936.3022522667293,1693.0,5430.75,6130.0,6130.0,6130.0,6130.0,
1743304834,4,6130,2388.75,39,2936.3022522667293,1693.0,5430.75,6130.0,6130.0,6130.0,6130.0,
1743304864,4,6130,2388.75,39,2936.3022522667293,1693.0,5430.75,6130.0,6130.0,6130.0,6130.0,
1743304894,4,6130,2388.75,39,2936.3022522667293,1693.0,5430.75,6130.0,6130.0,6130.0,6130.0,
1743304925,4,6130,2388.75,39,2936.3022522667293,1693.0,5430.75,6130.0,6130.0,6130.0,6130.0,
1743304955,4,6130,2388.75,39,2936.3022522667293,1693.0,5430.75,6130.0,6130.0,6130.0,6130.0,
1743304985,4,6130,2388.75,39,2936.3022522667293,1693.0,5430.75,6130.0,6130.0,6130.0,6130.0,
1743305015,4,6130,2388.75,39,2936.3022522667293,1693.0,5430.75,6130.0,6130.0,6130.0,6130.0,
1743305045,4,6130,2388.75,39,2936.3022522667293,1693.0,5430.75,6130.0,6130.0,6130.0,6130.0,
1743305075,4,6130,2388.75,39,2936.3022522667293,1693.0,5430.75,6130.0,6130.0,6130.0,6130.0,
1743305105,4,6130,2388.75,39,2936.3022522667293,1693.0,5430.75,6130.0,6130.0,6130.0,6130.0,
1743339378,4,6130,2388.75,39,2936.3022522667293,1693.0,5430.75,6130.0,6130.0,6130.0,6130.0,
1743339410,4,6130,2388.75,39,2936.3022522667293,1693.0,5430.75,6130.0,6130.0,6130.0,6130.0,
1743339441,4,6130,2388.75,39,2936.3022522667293,1693.0,5430.75,6130.0,6130.0,6130.0,6130.0,
1743339471,4,6130,2388.75,39,2936.3022522667293,1693.0,5430.75,6130.0,6130.0,6130.0,6130.0,
1743339501,4,6130,2388.75,39,2936.3022522667293,1693.0,5430.75,6130.0,6130.0,6130.0,6130.0,
1743339531,4,6130,2388.75,39,2936.3022522667293,1693.0,5430.75,6130.0,6130.0,6130.0,6130.0,
1743339561,4,6130,2388.75,39,2936.3022522667293,1693.0,5430.75,6130.0,6130.0,6130.0,6130.0,
1743339591,4,6130,2388.75,39,2936.3022522667293,1693.0,5430.75,6130.0,6130.0,6130.0,6130.0,
1743339621,4,6130,2388.75,39,2936.3022522667293,1693.0,5430.75,6130.0,6130.0,6130.0,6130.0,
1743339651,4,6130,2388.75,39,2936.3022522667293,1693.0,5430.75,6130.0,6130.0,6130.0,6130.0,
1743339681,4,6130,2388.75,39,2936.3022522667293,1693.0,5430.75,6130.0,6130.0,6130.0,6130.0,
1743339711,4,6130,2388.75,39,2936.3022522667293,1693.0,5430.75,6130.0,6130.0,6130.0,6130.0,
1743339741,4,6130,2388.75,39,2936.3022522667293,1693.0,5430.75,6130.0,6130.0,6130.0,6130.0,
1743339771,4,6130,2388.75,39,2936.3022522667293,1693.0,5430.75,6130.0,6130.0,6130.0,6130.0,
1743339801,4,6130,2388.75,39,2936.3022522667293,1693.0,5430.75,6130.0,6130.0,6130.0,6130.0,
1743339831,4,6130,2388.75,39,2936.3022522667293,1693.0,5430.75,6130.0,6130.0,6130.0,6130.0,
1743339861,4,6130,2388.75,39,2936.3022522667293,1693.0,5430.75,6130.0,6130.0,6130.0,6130.0,
1743339891,4,6130,2388.75,39,2936.3022522667293,1693.0,5430.75,6130.0,6130.0,6130.0,6130.0,
1743339921,4,6130,2388.75,39,2936.3022522667293,1693.0,5430.75,6130.0,6130.0,6130.0,6130.0,
1743339951,4,6130,2388.75,39,2936.3022522667293,1693.0,5430.75,6130.0,6130.0,6130.0,6130.0,
1743339982,4,6130,2388.75,39,2936.3022522667293,1693.0,5430.75,6130.0,6130.0,6130.0,6130.0,
1743340012,4,6130,2388.75,39,2936.3022522667293,1693.0,5430.75,6130.0,6130.0,6130.0,6130.0,
1743340042,4,6130,2388.75,39,2936.3022522667293,1693.0,5430.75,6130.0,6130.0,6130.0,6130.0,
1743340072,4,6130,2388.75,39,2936.3022522667293,1693.0,5430.75,6130.0,6130.0,6130.0,6130.0,
1743340102,4,6130,2388.75,39,2936.3022522667293,1693.0,5430.75,6130.0,6130.0,6130.0,6130.0,
1743340132,4,6130,2388.75,39,2936.3022522667293,1693.0,5430.75,6130.0,6130.0,6130.0,6130.0,
1743340162,4,6130,2388.75,39,2936.3022522667293,1693.0,5430.75,6130.0,6130.0,6130.0,6130.0,
1743340192,4,6130,2388.75,39,2936.3022522667293,1693.0,5430.75,6130.0,6130.0,6130.0,6130.0,
1743340222,4,6130,2388.75,39,2936.3022522667293,1693.0,5430.75,6130.0,6130.0,6130.0,6130.0,
1743340252,4,6130,2388.75,39,2936.3022522667293,1693.0,5430.75,6130.0,6130.0,6130.0,6130.0,
1743340282,4,6130,2388.75,39,2936.3022522667293,1693.0,5430.75,6130.0,6130.0,6130.0,6130.0,
1743340312,4,6130,2388.75,39,2936.3022522667293,1693.0,5430.75,6130.0,6130.0,6130.0,6130.0,
1743340342,4,6130,2388.75,39,2936.3022522667293,1693.0,5430.75,6130.0,6130.0,6130.0,6130.0,
1743340372,4,6130,2388.75,39,2936.3022522667293,1693.0,5430.75,6130.0,6130.0,6130.0,6130.0,
1743340402,4,6130,2388.75,39,2936.3022522667293,1693.0,5430.75,6130.0,6130.0,6130.0,6130.0,
1743340432,4,6130,2388.75,39,2936.3022522667293,1693.0,5430.75,6130.0,6130.0,6130.0,6130.0,
1743340462,4,6130,2388.75,39,2936.3022522667293,1693.0,5430.75,6130.0,6130.0,6130.0,6130.0,
1743340492,4,6130,2388.75,39,2936.3022522667293,1693.0,5430.75,6130.0,6130.0,6130.0,6130.0,
1743340522,4,6130,2388.75,39,2936.3022522667293,1693.0,5430.75,6130.0,6130.0,6130.0,6130.0,
1743340552,4,6130,2388.75,39,2936.3022522667293,1693.0,5430.75,6130.0,6130.0,6130.0,6130.0,
1743340582,4,6130,2388.75,39,2936.3022522667293,1693.0,5430.75,6130.0,6130.0,6130.0,6130.0,
1743340612,4,6130,2388.75,39,2936.3022522667293,1693.0,5430.75,6130.0,6130.0,6130.0,6130.0,
1743340642,4,6130,2388.75,39,2936.3022522667293,1693.0,5430.75,6130.0,6130.0,6130.0,6130.0,
1743340672,4,6130,2388.75,39,2936.3022522667293,1693.0,5430.75,6130.0,6130.0,6130.0,6130.0,
1743340702,4,6130,2388.75,39,2936.3022522667293,1693.0,5430.75,6130.0,6130.0,6130.0,6130.0,
1743340732,4,6130,2388.75,39,2936.3022522667293,1693.0,5430.75,6130.0,6130.0,6130.0,6130.0,
1743340762,4,6130,2388.75,39,2936.3022522667293,1693.0,5430.75,6130.0,6130.0,6130.0,6130.0,
1743340792,4,6130,2388.75,39,2936.3022522667293,1693.0,5430.75,6130.0,6130.0,6130.0,6130.0,
1743340822,4,6130,2388.75,39,2936.3022522667293,1693.0,5430.75,6130.0,6130.0,6130.0,6130.0,
1743340852,4,6130,2388.75,39,2936.3022522667293,1693.0,5430.75,6130.0,6130.0,6130.0,6130.0,
1743340882,4,6130,2388.75,39,2936.3022522667293,1693.0,5430.75,6130.0,6130.0,6130.0,6130.0,
1743340912,4,6130,2388.75,39,2936.3022522667293,1693.0,5430.75,6130.0,6130.0,6130.0,6130.0,
1743340942,4,6130,2388.75,39,2936.3022522667293,1693.0,5430.75,6130.0,6130.0,6130.0,6130.0,
1743340972,4,6130,2388.75,39,2936.3022522667293,1693.0,5430.75,6130.0,6130.0,6130.0,6130.0,
1743341002,4,6130,2388.75,39,2936.3022522667293,1693.0,5430.75,6130.0,6130.0,6130.0,6130.0,
1743341032,4,6130,2388.75,39,2936.3022522667293,1693.0,5430.75,6130.0,6130.0,6130.0,6130.0,
1743341062,4,6130,2388.75,39,2936.3022522667293,1693.0,5430.75,6130.0,6130.0,6130.0,6130.0,
1743341092,4,6130,2388.75,39,2936.3022522667293,1693.0,5430.75,6130.0,6130.0,6130.0,6130.0,
1743341122,4,6130,2388.75,39,2936.3022522667293,1693.0,5430.75,6130.0,6130.0,6130.0,6130.0,
1743341152,4,6130,2388.75,39,2936.3022522667293,1693.0,5430.75,6130.0,6130.0,6130.0,6130.0,
1743341182,4,6130,2388.75,39,2936.3022522667293,1693.0,5430.75,6130.0,6130.0,6130.0,6130.0,
1743341212,4,6130,2388.75,39,2936.3022522667293,1693.0,5430.75,6130.0,6130.0,6130.0,6130.0,
1743341242,4,6130,2388.75,39,2936.3022522667293,1693.0,5430.75,6130.0,6130.0,6130.0,6130.0,
1743341272,4,6130,2388.75,39,2936.3022522667293,1693.0,5430.75,6130.0,6130.0,6130.0,6130.0,
1743341302,4,6130,2388.75,39,2936.3022522667293,1693.0,5430.75,6130.0,6130.0,6130.0,6130.0,
1743341332,4,6130,2388.75,39,2936.3022522667293,1693.0,5430.75,6130.0,6130.0,6130.0,6130.0,
1743341362,4,6130,2388.75,39,2936.3022522667293,1693.0,5430.75,6130.0,6130.0,6130.0,6130.0,
1743341392,4,6130,2388.75,39,2936.3022522667293,1693.0,5430.75,6130.0,6130.0,6130.0,6130.0,
1743341423,4,6130,2388.75,39,2936.3022522667293,1693.0,5430.75,6130.0,6130.0,6130.0,6130.0,
1743341453,4,6130,2388.75,39,2936.3022522667293,1693.0,5430.75,6130.0,6130.0,6130.0,6130.0,
1743341483,4,6130,2388.75,39,2936.3022522667293,1693.0,5430.75,6130.0,6130.0,6130.0,6130.0,
1743341513,4,6130,2388.75,39,2936.3022522667293,1693.0,5430.75,6130.0,6130.0,6130.0,6130.0,
1743341543,4,6130,2388.75,39,2936.3022522667293,1693.0,5430.75,6130.0,6130.0,6130.0,6130.0,
1743341573,4,6130,2388.75,39,2936.3022522667293,1693.0,5430.75,6130.0,6130.0,6130.0,6130.0,
1743341603,4,6130,2388.75,39,2936.3022522667293,1693.0,5430.75,6130.0,6130.0,6130.0,6130.0,
1743341633,4,6130,2388.75,39,2936.3022522667293,1693.0,5430.75,6130.0,6130.0,6130.0,6130.0,
1743341663,4,6130,2388.75,39,2936.3022522667293,1693.0,5430.75,6130.0,6130.0,6130.0,6130.0,
1743341693,4,6130,2388.75,39,2936.3022522667293,1693.0,5430.75,6130.0,6130.0,6130.0,6130.0,
1743341723,4,6130,2388.75,39,2936.3022522667293,1693.0,5430.75,6130.0,6130.0,6130.0,6130.0,
1743341753,4,6130,2388.75,39,2936.3022522667293,1693.0,5430.75,6130.0,6130.0,6130.0,6130.0,
1743341783,4,6130,2388.75,39,2936.3022522667293,1693.0,5430.75,6130.0,6130.0,6130.0,6130.0,
1743341813,4,6130,2388.75,39,2936.3022522667293,1693.0,5430.75,6130.0,6130.0,6130.0,6130.0,
1743341843,4,6130,2388.75,39,2936.3022522667293,1693.0,5430.75,6130.0,6130.0,6130.0,6130.0,
1743341873,4,6130,2388.75,39,2936.3022522667293,1693.0,5430.75,6130.0,6130.0,6130.0,6130.0,
1743341903,4,6130,2388.75,39,2936.3022522667293,1693.0,5430.75,6130.0,6130.0,6130.0,6130.0,
1743341933,4,6130,2388.75,39,2936.3022522667293,1693.0,5430.75,6130.0,6130.0,6130.0,6130.0,
1743341963,4,6130,2388.75,39,2936.3022522667293,1693.0,5430.75,6130.0,6130.0,6130.0,6130.0,
1743341993,4,6130,2388.75,39,2936.3022522667293,1693.0,5430.75,6130.0,6130.0,6130.0,6130.0,
1743342023,4,6130,2388.75,39,2936.3022522667293,1693.0,5430.75,6130.0,6130.0,6130.0,6130.0,
1743342053,4,6130,2388.75,39,2936.3022522667293,1693.0,5430.75,6130.0,6130.0,6130.0,6130.0,
1743342083,4,6130,2388.75,39,2936.3022522667293,1693.0,5430.75,6130.0,6130.0,6130.0,6130.0,
1743342113,4,6130,2388.75,39,2936.3022522667293,1693.0,5430.75,6130.0,6130.0,6130.0,6130.0,
1743342143,4,6130,2388.75,39,2936.3022522667293,1693.0,5430.75,6130.0,6130.0,6130.0,6130.0,
1743342173,4,6130,2388.75,39,2936.3022522667293,1693.0,5430.75,6130.0,6130.0,6130.0,6130.0,
1743342203,4,6130,2388.75,39,2936.3022522667293,1693.0,5430.75,6130.0,6130.0,6130.0,6130.0,
1743342233,4,6130,2388.75,39,2936.3022522667293,1693.0,5430.75,6130.0,6130.0,6130.0,6130.0,
1743342263,4,6130,2388.75,39,2936.3022522667293,1693.0,5430.75,6130.0,6130.0,6130.0,6130.0,
1743342293,4,6130,2388.75,39,2936.3022522667293,1693.0,5430.75,6130.0,6130.0,6130.0,6130.0,
1743342323,4,6130,2388.75,39,2936.3022522667293,1693.0,5430.75,6130.0,6130.0,6130.0,6130.0,
1743342353,4,6130,2388.75,39,2936.3022522667293,1693.0,5430.75,6130.0,6130.0,6130.0,6130.0,
1743342383,4,6130,2388.75,39,2936.3022522667293,1693.0,5430.75,6130.0,6130.0,6130.0,6130.0,
1743342413,4,6130,2388.75,39,2936.3022522667293,1693.0,5430.75,6130.0,6130.0,6130.0,6130.0,
1743342443,4,6130,2388.75,39,2936.3022522667293,1693.0,5430.75,6130.0,6130.0,6130.0,6130.0,
1743342473,4,6130,2388.75,39,2936.3022522667293,1693.0,5430.75,6130.0,6130.0,6130.0,6130.0,
1743342503,4,6130,2388.75,39,2936.3022522667293,1693.0,5430.75,6130.0,6130.0,6130.0,6130.0,
1743342533,4,6130,2388.75,39,2936.3022522667293,1693.0,5430.75,6130.0,6130.0,6130.0,6130.0,
1743342563,4,6130,2388.75,39,2936.3022522667293,1693.0,5430.75,6130.0,6130.0,6130.0,6130.0,
1743342593,4,6130,2388.75,39,2936.3022522667293,1693.0,5430.75,6130.0,6130.0,6130.0,6130.0,
1743342623,4,6130,2388.75,39,2936.3022522667293,1693.0,5430.75,6130.0,6130.0,6130.0,6130.0,
1743342653,4,6130,2388.75,39,2936.3022522667293,1693.0,5430.75,6130.0,6130.0,6130.0,6130.0,
1743342683,4,6130,2388.75,39,2936.3022522667293,1693.0,5430.75,6130.0,6130.0,6130.0,6130.0,
1743342713,4,6130,2388.75,39,2936.3022522667293,1693.0,5430.75,6130.0,6130.0,6130.0,6130.0,
1743342743,4,6130,2388.75,39,2936.3022522667293,1693.0,5430.75,6130.0,6130.0,6130.0,6130.0,
1743342773,4,6130,2388.75,39,2936.3022522667293,1693.0,5430.75,6130.0,6130.0,6130.0,6130.0,
1743342803,4,6130,2388.75,39,2936.3022522667293,1693.0,5430.75,6130.0,6130.0,6130.0,6130.0,
1743342833,4,6130,2388.75,39,2936.3022522667293,1693.0,5430.75,6130.0,6130.0,6130.0,6130.0,
1743342863,4,6130,2388.75,39,2936.3022522667293,1693.0,5430.75,6130.0,6130.0,6130.0,6130.0,
1743342893,4,6130,2388.75,39,2936.3022522667293,1693.0,5430.75,6130.0,6130.0,6130.0,6130.0,
1743342924,4,6130,2388.75,39,2936.3022522667293,1693.0,5430.75,6130.0,6130.0,6130.0,6130.0,
1743342954,4,6130,2388.75,39,2936.3022522667293,1693.0,5430.75,6130.0,6130.0,6130.0,6130.0,
1743342984,4,6130,2388.75,39,2936.3022522667293,1693.0,5430.75,6130.0,6130.0,6130.0,6130.0,
1743343014,4,6130,2388.75,39,2936.3022522667293,1693.0,5430.75,6130.0,6130.0,6130.0,6130.0,
1743343044,4,6130,2388.75,39,2936.3022522667293,1693.0,5430.75,6130.0,6130.0,6130.0,6130.0,
1743343074,4,6130,2388.75,39,2936.3022522667293,1693.0,5430.75,6130.0,6130.0,6130.0,6130.0,
1743343104,4,6130,2388.75,39,2936.3022522667293,1693.0,5430.75,6130.0,6130.0,6130.0,6130.0,
1743343134,4,6130,2388.75,39,2936.3022522667293,1693.0,5430.75,6130.0,6130.0,6130.0,6130.0,
1743343164,4,6130,2388.75,39,2936.3022522667293,1693.0,5430.75,6130.0,6130.0,6130.0,6130.0,
1743343194,4,6130,2388.75,39,2936.3022522667293,1693.0,5430.75,6130.0,6130.0,6130.0,6130.0,
1743343224,4,6130,2388.75,39,2936.3022522667293,1693.0,5430.75,6130.0,6130.0,6130.0,6130.0,
1743343254,4,6130,2388.75,39,2936.3022522667293,1693.0,5430.75,6130.0,6130.0,6130.0,6130.0,
1743343284,4,6130,2388.75,39,2936.3022522667293,1693.0,5430.75,6130.0,6130.0,6130.0,6130.0,
1743343314,4,6130,2388.75,39,2936.3022522667293,1693.0,5430.75,6130.0,6130.0,6130.0,6130.0,
1743343344,4,6130,2388.75,39,2936.3022522667293,1693.0,5430.75,6130.0,6130.0,6130.0,6130.0,
1743343374,4,6130,2388.75,39,2936.3022522667293,1693.0,5430.75,6130.0,6130.0,6130.0,6130.0,
1743343404,4,6130,2388.75,39,2936.3022522667293,1693.0,5430.75,6130.0,6130.0,6130.0,6130.0,
1743343434,4,6130,2388.75,39,2936.3022522667293,1693.0,5430.75,6130.0,6130.0,6130.0,6130.0,
1743343464,4,6130,2388.75,39,2936.3022522667293,1693.0,5430.75,6130.0,6130.0,6130.0,6130.0,
1743343494,4,6130,2388.75,39,2936.3022522667293,1693.0,5430.75,6130.0,6130.0,6130.0,6130.0,
1743343524,4,6130,2388.75,39,2936.3022522667293,1693.0,5430.75,6130.0,6130.0,6130.0,6130.0,
1743343554,4,6130,2388.75,39,2936.3022522667293,1693.0,5430.75,6130.0,6130.0,6130.0,6130.0,
1743343584,4,6130,2388.75,39,2936.3022522667293,1693.0,5430.75,6130.0,6130.0,6130.0,6130.0,
1743343614,4,6130,2388.75,39,2936.3022522667293,1693.0,5430.75,6130.0,6130.0,6130.0,6130.0,
1743343644,4,6130,2388.75,39,2936.3022522667293,1693.0,5430.75,6130.0,6130.0,6130.0,6130.0,
1743343674,4,6130,2388.75,39,2936.3022522667293,1693.0,5430.75,6130.0,6130.0,6130.0,6130.0,
1743343704,4,6130,2388.75,39,2936.3022522667293,1693.0,5430.75,6130.0,6130.0,6130.0,6130.0,
1743343734,4,6130,2388.75,39,2936.3022522667293,1693.0,5430.75,6130.0,6130.0,6130.0,6130.0,
1743343764,4,6130,2388.75,39,2936.3022522667293,1693.0,5430.75,6130.0,6130.0,6130.0,6130.0,
1743343794,4,6130,2388.75,39,2936.3022522667293,1693.0,5430.75,6130.0,6130.0,6130.0,6130.0,
1743343824,4,6130,2388.75,39,2936.3022522667293,1693.0,5430.75,6130.0,6130.0,6130.0,6130.0,
1743343854,4,6130,2388.75,39,2936.3022522667293,1693.0,5430.75,6130.0,6130.0,6130.0,6130.0,
1743343884,4,6130,2388.75,39,2936.3022522667293,1693.0,5430.75,6130.0,6130.0,6130.0,6130.0,
1743343914,4,6130,2388.75,39,2936.3022522667293,1693.0,5430.75,6130.0,6130.0,6130.0,6130.0,
1743343944,4,6130,2388.75,39,2936.3022522667293,1693.0,5430.75,6130.0,6130.0,6130.0,6130.0,
1743343974,4,6130,2388.75,39,2936.3022522667293,1693.0,5430.75,6130.0,6130.0,6130.0,6130.0,
1743344004,4,6130,2388.75,39,2936.3022522667293,1693.0,5430.75,6130.0,6130.0,6130.0,6130.0,
1743344034,4,6130,2388.75,39,2936.3022522667293,1693.0,5430.75,6130.0,6130.0,6130.0,6130.0,
1743344064,4,6130,2388.75,39,2936.3022522667293,1693.0,5430.75,6130.0,6130.0,6130.0,6130.0,
1743344094,4,6130,2388.75,39,2936.3022522667293,1693.0,5430.75,6130.0,6130.0,6130.0,6130.0,
1743344124,4,6130,2388.75,39,2936.3022522667293,1693.0,5430.75,6130.0,6130.0,6130.0,6130.0,
1743344154,4,6130,2388.75,39,2936.3022522667293,1693.0,5430.75,6130.0,6130.0,6130.0,6130.0,
1743344184,4,6130,2388.75,39,2936.3022522667293,1693.0,5430.75,6130.0,6130.0,6130.0,6130.0,
1743344214,4,6130,2388.75,39,2936.3022522667293,1693.0,5430.75,6130.0,6130.0,6130.0,6130.0,
1743344244,4,6130,2388.75,39,2936.3022522667293,1693.0,5430.75,6130.0,6130.0,6130.0,6130.0,
1743344274,4,6130,2388.75,39,2936.3022522667293,1693.0,5430.75,6130.0,6130.0,6130.0,6130.0,
1743344304,4,6130,2388.75,39,2936.3022522667293,1693.0,5430.75,6130.0,6130.0,6130.0,6130.0,
1743344334,4,6130,2388.75,39,2936.3022522667293,1693.0,5430.75,6130.0,6130.0,6130.0,6130.0,
1743344364,4,6130,2388.75,39,2936.3022522667293,1693.0,5430.75,6130.0,6130.0,6130.0,6130.0,
1743344394,4,6130,2388.75,39,2936.3022522667293,1693.0,5430.75,6130.0,6130.0,6130.0,6130.0,
1743344424,4,6130,2388.75,39,2936.3022522667293,1693.0,5430.75,6130.0,6130.0,6130.0,6130.0,
1743344454,4,6130,2388.75,39,2936.3022522667293,1693.0,5430.75,6130.0,6130.0,6130.0,6130.0,
1743344484,4,6130,2388.75,39,2936.3022522667293,1693.0,5430.75,6130.0,6130.0,6130.0,6130.0,
1743344514,4,6130,2388.75,39,2936.3022522667293,1693.0,5430.75,6130.0,6130.0,6130.0,6130.0,
1743344544,4,6130,2388.75,39,2936.3022522667293,1693.0,5430.75,6130.0,6130.0,6130.0,6130.0,
1743344574,4,6130,2388.75,39,2936.3022522667293,1693.0,5430.75,6130.0,6130.0,6130.0,6130.0,
1743344604,4,6130,2388.75,39,2936.3022522667293,1693.0,5430.75,6130.0,6130.0,6130.0,6130.0,
1743344634,4,6130,2388.75,39,2936.3022522667293,1693.0,5430.75,6130.0,6130.0,6130.0,6130.0,
1743344664,4,6130,2388.75,39,2936.3022522667293,1693.0,5430.75,6130.0,6130.0,6130.0,6130.0,
1743344694,4,6130,2388.75,39,2936.3022522667293,1693.0,5430.75,6130.0,6130.0,6130.0,6130.0,
1743344724,4,6130,2388.75,39,2936.3022522667293,1693.0,5430.75,6130.0,6130.0,6130.0,6130.0,
1743344754,4,6130,2388.75,39,2936.3022522667293,1693.0,5430.75,6130.0,6130.0,6130.0,6130.0,
1743344784,4,6130,2388.75,39,2936.3022522667293,1693.0,5430.75,6130.0,6130.0,6130.0,6130.0,
1743344814,4,6130,2388.75,39,2936.3022522667293,1693.0,5430.75,6130.0,6130.0,6130.0,6130.0,
1743344844,4,6130,2388.75,39,2936.3022522667293,1693.0,5430.75,6130.0,6130.0,6130.0,6130.0,
1743344875,4,6130,2388.75,39,2936.3022522667293,1693.0,5430.75,6130.0,6130.0,6130.0,6130.0,
1743344905,4,6130,2388.75,39,2936.3022522667293,1693.0,5430.75,6130.0,6130.0,6130.0,6130.0,
1743344935,4,6130,2388.75,39,2936.3022522667293,1693.0,5430.75,6130.0,6130.0,6130.0,6130.0,
1743344965,4,6130,2388.75,39,2936.3022522667293,1693.0,5430.75,6130.0,6130.0,6130.0,6130.0,
1743344995,4,6130,2388.75,39,2936.3022522667293,1693.0,5430.75,6130.0,6130.0,6130.0,6130.0,
1743345025,4,6130,2388.75,39,2936.3022522667293,1693.0,5430.75,6130.0,6130.0,6130.0,6130.0,
1743345055,4,6130,2388.75,39,2936.3022522667293,1693.0,5430.75,6130.0,6130.0,6130.0,6130.0,
1743345085,4,6130,2388.75,39,2936.3022522667293,1693.0,5430.75,6130.0,6130.0,6130.0,6130.0,
1743345115,4,6130,2388.75,39,2936.3022522667293,1693.0,5430.75,6130.0,6130.0,6130.0,6130.0,
1743345145,4,6130,2388.75,39,2936.3022522667293,1693.0,5430.75,6130.0,6130.0,6130.0,6130.0,
1743345175,4,6130,2388.75,39,2936.3022522667293,1693.0,5430.75,6130.0,6130.0,6130.0,6130.0,
1743345205,4,6130,2388.75,39,2936.3022522667293,1693.0,5430.75,6130.0,6130.0,6130.0,6130.0,
1743345235,4,6130,2388.75,39,2936.3022522667293,1693.0,5430.75,6130.0,6130.0,6130.0,6130.0,
1743345265,4,6130,2388.75,39,2936.3022522667293,1693.0,5430.75,6130.0,6130.0,6130.0,6130.0,
1743345295,4,6130,2388.75,39,2936.3022522667293,1693.0,5430.75,6130.0,6130.0,6130.0,6130.0,
1743345325,4,6130,2388.75,39,2936.3022522667293,1693.0,5430.75,6130.0,6130.0,6130.0,6130.0,
1743345355,4,6130,2388.75,39,2936.3022522667293,1693.0,5430.75,6130.0,6130.0,6130.0,6130.0,
1743345385,4,6130,2388.75,39,2936.3022522667293,1693.0,5430.75,6130.0,6130.0,6130.0,6130.0,
1743345415,4,6130,2388.75,39,2936.3022522667293,1693.0,5430.75,6130.0,6130.0,6130.0,6130.0,
1743345445,4,6130,2388.75,39,2936.3022522667293,1693.0,5430.75,6130.0,6130.0,6130.0,6130.0,
1743345475,4,6130,2388.75,39,2936.3022522667293,1693.0,5430.75,6130.0,6130.0,6130.0,6130.0,
1743345505,4,6130,2388.75,39,2936.3022522667293,1693.0,5430.75,6130.0,6130.0,6130.0,6130.0,
1743345535,4,6130,2388.75,39,2936.3022522667293,1693.0,5430.75,6130.0,6130.0,6130.0,6130.0,
1743345565,4,6130,2388.75,39,2936.3022522667293,1693.0,5430.75,6130.0,6130.0,6130.0,6130.0,
1743345595,4,6130,2388.75,39,2936.3022522667293,1693.0,5430.75,6130.0,6130.0,6130.0,6130.0,
1743345625,4,6130,2388.75,39,2936.3022522667293,1693.0,5430.75,6130.0,6130.0,6130.0,6130.0,
1743345655,4,6130,2388.75,39,2936.3022522667293,1693.0,5430.75,6130.0,6130.0,6130.0,6130.0,
1743345685,4,6130,2388.75,39,2936.3022522667293,1693.0,5430.75,6130.0,6130.0,6130.0,6130.0,
1743345715,4,6130,2388.75,39,2936.3022522667293,1693.0,5430.75,6130.0,6130.0,6130.0,6130.0,
1743345745,4,6130,2388.75,39,2936.3022522667293,1693.0,5430.75,6130.0,6130.0,6130.0,6130.0,
1743345775,4,6130,2388.75,39,2936.3022522667293,1693.0,5430.75,6130.0,6130.0,6130.0,6130.0,
1743345805,4,6130,2388.75,39,2936.3022522667293,1693.0,5430.75,6130.0,6130.0,6130.0,6130.0,
1743345835,4,6130,2388.75,39,2936.3022522667293,1693.0,5430.75,6130.0,6130.0,6130.0,6130.0,
1743345865,4,6130,2388.75,39,2936.3022522667293,1693.0,5430.75,6130.0,6130.0,6130.0,6130.0,
1743345895,4,6130,2388.75,39,2936.3022522667293,1693.0,5430.75,6130.0,6130.0,6130.0,6130.0,
1743345925,4,6130,2388.75,39,2936.3022522667293,1693.0,5430.75,6130.0,6130.0,6130.0,6130.0,
1743345955,4,6130,2388.75,39,2936.3022522667293,1693.0,5430.75,6130.0,6130.0,6130.0,6130.0,
1743345985,4,6130,2388.75,39,2936.3022522667293,1693.0,5430.75,6130.0,6130.0,6130.0,6130.0,
1743346015,4,6130,2388.75,39,2936.3022522667293,1693.0,5430.75,6130.0,6130.0,6130.0,6130.0,
1743346045,4,6130,2388.75,39,2936.3022522667293,1693.0,5430.75,6130.0,6130.0,6130.0,6130.0,
1743346075,4,6130,2388.75,39,2936.3022522667293,1693.0,5430.75,6130.0,6130.0,6130.0,6130.0,
1743346105,4,6130,2388.75,39,2936.3022522667293,1693.0,5430.75,6130.0,6130.0,6130.0,6130.0,
1743346135,4,6130,2388.75,39,2936.3022522667293,1693.0,5430.75,6130.0,6130.0,6130.0,6130.0,
1743346165,4,6130,2388.75,39,2936.3022522667293,1693.0,5430.75,6130.0,6130.0,6130.0,6130.0,
1743346195,4,6130,2388.75,39,2936.3022522667293,1693.0,5430.75,6130.0,6130.0,6130.0,6130.0,
1743346225,4,6130,2388.75,39,2936.3022522667293,1693.0,5430.75,6130.0,6130.0,6130.0,6130.0,
1743346255,4,6130,2388.75,39,2936.3022522667293,1693.0,5430.75,6130.0,6130.0,6130.0,6130.0,
1743346285,4,6130,2388.75,39,2936.3022522667293,1693.0,5430.75,6130.0,6130.0,6130.0,6130.0,
1743346315,4,6130,2388.75,39,2936.3022522667293,1693.0,5430.75,6130.0,6130.0,6130.0,6130.0,
1743346345,4,6130,2388.75,39,2936.3022522667293,1693.0,5430.75,6130.0,6130.0,6130.0,6130.0,
1743346375,4,6130,2388.75,39,2936.3022522667293,1693.0,5430.75,6130.0,6130.0,6130.0,6130.0,
1743346405,4,6130,2388.75,39,2936.3022522667293,1693.0,5430.75,6130.0,6130.0,6130.0,6130.0,
1743346435,4,6130,2388.75,39,2936.3022522667293,1693.0,5430.75,6130.0,6130.0,6130.0,6130.0,
1743346465,4,6130,2388.75,39,2936.3022522667293,1693.0,5430.75,6130.0,6130.0,6130.0,6130.0,
1743346495,4,6130,2388.75,39,2936.3022522667293,1693.0,5430.75,6130.0,6130.0,6130.0,6130.0,
1743346525,4,6130,2388.75,39,2936.3022522667293,1693.0,5430.75,6130.0,6130.0,6130.0,6130.0,
1743346555,4,6130,2388.75,39,2936.3022522667293,1693.0,5430.75,6130.0,6130.0,6130.0,6130.0,
1743346585,4,6130,2388.75,39,2936.3022522667293,1693.0,5430.75,6130.0,6130.0,6130.0,6130.0,
1743346615,4,6130,2388.75,39,2936.3022522667293,1693.0,5430.75,6130.0,6130.0,6130.0,6130.0,
1743346645,4,6130,2388.75,39,2936.3022522667293,1693.0,5430.75,6130.0,6130.0,6130.0,6130.0,
1743346675,4,6130,2388.75,39,2936.3022522667293,1693.0,5430.75,6130.0,6130.0,6130.0,6130.0,
1743346705,4,6130,2388.75,39,2936.3022522667293,1693.0,5430.75,6130.0,6130.0,6130.0,6130.0,
1743346735,4,6130,2388.75,39,2936.3022522667293,1693.0,5430.75,6130.0,6130.0,6130.0,6130.0,
1743346765,4,6130,2388.75,39,2936.3022522667293,1693.0,5430.75,6130.0,6130.0,6130.0,6130.0,
1743346795,4,6130,2388.75,39,2936.3022522667293,1693.0,5430.75,6130.0,6130.0,6130.0,6130.0,
1743346825,4,6130,2388.75,39,2936.3022522667293,1693.0,5430.75,6130.0,6130.0,6130.0,6130.0,
1743346855,4,6130,2388.75,39,2936.3022522667293,1693.0,5430.75,6130.0,6130.0,6130.0,6130.0,
1743346885,4,6130,2388.75,39,2936.3022522667293,1693.0,5430.75,6130.0,6130.0,6130.0,6130.0,
1743346916,4,6130,2388.75,39,2936.3022522667293,1693.0,5430.75,6130.0,6130.0,6130.0,6130.0,
1743346946,4,6130,2388.75,39,2936.3022522667293,1693.0,5430.75,6130.0,6130.0,6130.0,6130.0,
1743346976,4,6130,2388.75,39,2936.3022522667293,1693.0,5430.75,6130.0,6130.0,6130.0,6130.0,
1743347006,4,6130,2388.75,39,2936.3022522667293,1693.0,5430.75,6130.0,6130.0,6130.0,6130.0,
1743347036,4,6130,2388.75,39,2936.3022522667293,1693.0,5430.75,6130.0,6130.0,6130.0,6130.0,
1743347066,4,6130,2388.75,39,2936.3022522667293,1693.0,5430.75,6130.0,6130.0,6130.0,6130.0,
1743347096,4,6130,2388.75,39,2936.3022522667293,1693.0,5430.75,6130.0,6130.0,6130.0,6130.0,
1743347126,4,6130,2388.75,39,2936.3022522667293,1693.0,5430.75,6130.0,6130.0,6130.0,6130.0,
1743347156,4,6130,2388.75,39,2936.3022522667293,1693.0,5430.75,6130.0,6130.0,6130.0,6130.0,
1743347186,4,6130,2388.75,39,2936.3022522667293,1693.0,5430.75,6130.0,6130.0,6130.0,6130.0,
1743347216,4,6130,2388.75,39,2936.3022522667293,1693.0,5430.75,6130.0,6130.0,6130.0,6130.0,
1743347246,4,6130,2388.75,39,2936.3022522667293,1693.0,5430.75,6130.0,6130.0,6130.0,6130.0,
1743347276,4,6130,2388.75,39,2936.3022522667293,1693.0,5430.75,6130.0,6130.0,6130.0,6130.0,
1743347306,4,6130,2388.75,39,2936.3022522667293,1693.0,5430.75,6130.0,6130.0,6130.0,6130.0,
1743347336,4,6130,2388.75,39,2936.3022522667293,1693.0,5430.75,6130.0,6130.0,6130.0,6130.0,
1743347366,4,6130,2388.75,39,2936.3022522667293,1693.0,5430.75,6130.0,6130.0,6130.0,6130.0,
1743347396,4,6130,2388.75,39,2936.3022522667293,1693.0,5430.75,6130.0,6130.0,6130.0,6130.0,
1743347426,4,6130,2388.75,39,2936.3022522667293,1693.0,5430.75,6130.0,6130.0,6130.0,6130.0,
1743347456,4,6130,2388.75,39,2936.3022522667293,1693.0,5430.75,6130.0,6130.0,6130.0,6130.0,
1743347486,4,6130,2388.75,39,2936.3022522667293,1693.0,5430.75,6130.0,6130.0,6130.0,6130.0,
1743347516,4,6130,2388.75,39,2936.3022522667293,1693.0,5430.75,6130.0,6130.0,6130.0,6130.0,
1743347546,4,6130,2388.75,39,2936.3022522667293,1693.0,5430.75,6130.0,6130.0,6130.0,6130.0,
1743347576,4,6130,2388.75,39,2936.3022522667293,1693.0,5430.75,6130.0,6130.0,6130.0,6130.0,
1743347606,4,6130,2388.75,39,2936.3022522667293,1693.0,5430.75,6130.0,6130.0,6130.0,6130.0,
1743347636,4,6130,2388.75,39,2936.3022522667293,1693.0,5430.75,6130.0,6130.0,6130.0,6130.0,
1743347666,4,6130,2388.75,39,2936.3022522667293,1693.0,5430.75,6130.0,6130.0,6130.0,6130.0,
1743347696,4,6130,2388.75,39,2936.3022522667293,1693.0,5430.75,6130.0,6130.0,6130.0,6130.0,
1743347726,4,6130,2388.75,39,2936.3022522667293,1693.0,5430.75,6130.0,6130.0,6130.0,6130.0,
1743347756,4,6130,2388.75,39,2936.3022522667293,1693.0,5430.75,6130.0,6130.0,6130.0,6130.0,
1743347786,4,6130,2388.75,39,2936.3022522667293,1693.0,5430.75,6130.0,6130.0,6130.0,6130.0,
1743347816,4,6130,2388.75,39,2936.3022522667293,1693.0,5430.75,6130.0,6130.0,6130.0,6130.0,
1743347846,4,6130,2388.75,39,2936.3022522667293,1693.0,5430.75,6130.0,6130.0,6130.0,6130.0,
1743347876,4,6130,2388.75,39,2936.3022522667293,1693.0,5430.75,6130.0,6130.0,6130.0,6130.0,
1743347906,4,6130,2388.75,39,2936.3022522667293,1693.0,5430.75,6130.0,6130.0,6130.0,6130.0,
1743347936,4,6130,2388.75,39,2936.3022522667293,1693.0,5430.75,6130.0,6130.0,6130.0,6130.0,
1743347966,4,6130,2388.75,39,2936.3022522667293,1693.0,5430.75,6130.0,6130.0,6130.0,6130.0,
1743347996,4,6130,2388.75,39,2936.3022522667293,1693.0,5430.75,6130.0,6130.0,6130.0,6130.0,
1743348026,4,6130,2388.75,39,2936.3022522667293,1693.0,5430.75,6130.0,6130.0,6130.0,6130.0,
1743348056,4,6130,2388.75,39,2936.3022522667293,1693.0,5430.75,6130.0,6130.0,6130.0,6130.0,
1743348086,4,6130,2388.75,39,2936.3022522667293,1693.0,5430.75,6130.0,6130.0,6130.0,6130.0,
1743348116,4,6130,2388.75,39,2936.3022522667293,1693.0,5430.75,6130.0,6130.0,6130.0,6130.0,
1743348146,4,6130,2388.75,39,2936.3022522667293,1693.0,5430.75,6130.0,6130.0,6130.0,6130.0,
1743348176,4,6130,2388.75,39,2936.3022522667293,1693.0,5430.75,6130.0,6130.0,6130.0,6130.0,
1743348206,4,6130,2388.75,39,2936.3022522667293,1693.0,5430.75,6130.0,6130.0,6130.0,6130.0,
1743348236,4,6130,2388.75,39,2936.3022522667293,1693.0,5430.75,6130.0,6130.0,6130.0,6130.0,
1743348266,4,6130,2388.75,39,2936.3022522667293,1693.0,5430.75,6130.0,6130.0,6130.0,6130.0,
1743348296,4,6130,2388.75,39,2936.3022522667293,1693.0,5430.75,6130.0,6130.0,6130.0,6130.0,
1743348326,4,6130,2388.75,39,2936.3022522667293,1693.0,5430.75,6130.0,6130.0,6130.0,6130.0,
1743348356,4,6130,2388.75,39,2936.3022522667293,1693.0,5430.75,6130.0,6130.0,6130.0,6130.0,
1743348386,4,6130,2388.75,39,2936.3022522667293,1693.0,5430.75,6130.0,6130.0,6130.0,6130.0,
1743348416,4,6130,2388.75,39,2936.3022522667293,1693.0,5430.75,6130.0,6130.0,6130.0,6130.0,
1743348446,4,6130,2388.75,39,2936.3022522667293,1693.0,5430.75,6130.0,6130.0,6130.0,6130.0,
1743348476,4,6130,2388.75,39,2936.3022522667293,1693.0,5430.75,6130.0,6130.0,6130.0,6130.0,
1743348506,4,6130,2388.75,39,2936.3022522667293,1693.0,5430.75,6130.0,6130.0,6130.0,6130.0,
1743348537,4,6130,2388.75,39,2936.3022522667293,1693.0,5430.75,6130.0,6130.0,6130.0,6130.0,
1743348567,4,6130,2388.75,39,2936.3022522667293,1693.0,5430.75,6130.0,6130.0,6130.0,6130.0,
1743348597,4,6130,2388.75,39,2936.3022522667293,1693.0,5430.75,6130.0,6130.0,6130.0,6130.0,
1743348627,4,6130,2388.75,39,2936.3022522667293,1693.0,5430.75,6130.0,6130.0,6130.0,6130.0,
1743348657,4,6130,2388.75,39,2936.3022522667293,1693.0,5430.75,6130.0,6130.0,6130.0,6130.0,
1743348687,4,6130,2388.75,39,2936.3022522667293,1693.0,5430.75,6130.0,6130.0,6130.0,6130.0,
1743348717,4,6130,2388.75,39,2936.3022522667293,1693.0,5430.75,6130.0,6130.0,6130.0,6130.0,
1743348747,4,6130,2388.75,39,2936.3022522667293,1693.0,5430.75,6130.0,6130.0,6130.0,6130.0,
1743348777,4,6130,2388.75,39,2936.3022522667293,1693.0,5430.75,6130.0,6130.0,6130.0,6130.0,
1743348807,4,6130,2388.75,39,2936.3022522667293,1693.0,5430.75,6130.0,6130.0,6130.0,6130.0,
1743348837,4,6130,2388.75,39,2936.3022522667293,1693.0,5430.75,6130.0,6130.0,6130.0,6130.0,
1743348867,4,6130,2388.75,39,2936.3022522667293,1693.0,5430.75,6130.0,6130.0,6130.0,6130.0,
1743348897,4,6130,2388.75,39,2936.3022522667293,1693.0,5430.75,6130.0,6130.0,6130.0,6130.0,
1743348927,4,6130,2388.75,39,2936.3022522667293,1693.0,5430.75,6130.0,6130.0,6130.0,6130.0,
1743348957,4,6130,2388.75,39,2936.3022522667293,1693.0,5430.75,6130.0,6130.0,6130.0,6130.0,
1743348987,4,6130,2388.75,39,2936.3022522667293,1693.0,5430.75,6130.0,6130.0,6130.0,6130.0,
1743349017,4,6130,2388.75,39,2936.3022522667293,1693.0,5430.75,6130.0,6130.0,6130.0,6130.0,
1743349047,4,6130,2388.75,39,2936.3022522667293,1693.0,5430.75,6130.0,6130.0,6130.0,6130.0,
1743364211,4,6130,2388.75,39,2936.3022522667293,1693.0,5430.75,6130.0,6130.0,6130.0,6130.0,
1743364241,4,6130,2388.75,39,2936.3022522667293,1693.0,5430.75,6130.0,6130.0,6130.0,6130.0,
1743372290,4,6130,2388.75,39,2936.3022522667293,1693.0,5430.75,6130.0,6130.0,6130.0,6130.0,
1743372320,4,6130,2388.75,39,2936.3022522667293,1693.0,5430.75,6130.0,6130.0,6130.0,6130.0,
1743372350,4,6130,2388.75,39,2936.3022522667293,1693.0,5430.75,6130.0,6130.0,6130.0,6130.0,
1743372380,4,6130,2388.75,39,2936.3022522667293,1693.0,5430.75,6130.0,6130.0,6130.0,6130.0,
1743372410,4,6130,2388.75,39,2936.3022522667293,1693.0,5430.75,6130.0,6130.0,6130.0,6130.0,
1743372440,4,6130,2388.75,39,2936.3022522667293,1693.0,5430.75,6130.0,6130.0,6130.0,6130.0,
1743372470,4,6130,2388.75,39,2936.3022522667293,1693.0,5430.75,6130.0,6130.0,6130.0,6130.0,
1743372500,4,6130,2388.75,39,2936.3022522667293,1693.0,5430.75,6130.0,6130.0,6130.0,6130.0,
1743372530,4,6130,2388.75,39,2936.3022522667293,1693.0,5430.75,6130.0,6130.0,6130.0,6130.0,
1743372560,4,6130,2388.75,39,2936.3022522667293,1693.0,5430.75,6130.0,6130.0,6130.0,6130.0,
1743372590,4,6130,2388.75,39,2936.3022522667293,1693.0,5430.75,6130.0,6130.0,6130.0,6130.0,
1743372620,4,6130,2388.75,39,2936.3022522667293,1693.0,5430.75,6130.0,6130.0,6130.0,6130.0,
1743372650,4,6130,2388.75,39,2936.3022522667293,1693.0,5430.75,6130.0,6130.0,6130.0,6130.0,
1743372680,4,6130,2388.75,39,2936.3022522667293,1693.0,5430.75,6130.0,6130.0,6130.0,6130.0,
1743372710,4,6130,2388.75,39,2936.3022522667293,1693.0,5430.75,6130.0,6130.0,6130.0,6130.0,
1743372740,4,6130,2388.75,39,2936.3022522667293,1693.0,5430.75,6130.0,6130.0,6130.0,6130.0,
1743372770,4,6130,2388.75,39,2936.3022522667293,1693.0,5430.75,6130.0,6130.0,6130.0,6130.0,
1743372800,4,6130,2388.75,39,2936.3022522667293,1693.0,5430.75,6130.0,6130.0,6130.0,6130.0,
1743372830,4,6130,2388.75,39,2936.3022522667293,1693.0,5430.75,6130.0,6130.0,6130.0,6130.0,
1743372860,4,6130,2388.75,39,2936.3022522667293,1693.0,5430.75,6130.0,6130.0,6130.0,6130.0,
1743372890,4,6130,2388.75,39,2936.3022522667293,1693.0,5430.75,6130.0,6130.0,6130.0,6130.0,
1743372920,4,6130,2388.75,39,2936.3022522667293,1693.0,5430.75,6130.0,6130.0,6130.0,6130.0,
1743372950,4,6130,2388.75,39,2936.3022522667293,1693.0,5430.75,6130.0,6130.0,6130.0,6130.0,
1743372980,4,6130,2388.75,39,2936.3022522667293,1693.0,5430.75,6130.0,6130.0,6130.0,6130.0,
1743373010,4,6130,2388.75,39,2936.3022522667293,1693.0,5430.75,6130.0,6130.0,6130.0,6130.0,
1743373040,4,6130,2388.75,39,2936.3022522667293,1693.0,5430.75,6130.0,6130.0,6130.0,6130.0,
1743373070,4,6130,2388.75,39,2936.3022522667293,1693.0,5430.75,6130.0,6130.0,6130.0,6130.0,
1743373100,4,6130,2388.75,39,2936.3022522667293,1693.0,5430.75,6130.0,6130.0,6130.0,6130.0,
1743373130,4,6130,2388.75,39,2936.3022522667293,1693.0,5430.75,6130.0,6130.0,6130.0,6130.0,
1743373160,4,6130,2388.75,39,2936.3022522667293,1693.0,5430.75,6130.0,6130.0,6130.0,6130.0,
1743373190,4,6130,2388.75,39,2936.3022522667293,1693.0,5430.75,6130.0,6130.0,6130.0,6130.0,
1743373220,4,6130,2388.75,39,2936.3022522667293,1693.0,5430.75,6130.0,6130.0,6130.0,6130.0,
1743373250,4,6130,2388.75,39,2936.3022522667293,1693.0,5430.75,6130.0,6130.0,6130.0,6130.0,
1743373280,4,6130,2388.75,39,2936.3022522667293,1693.0,5430.75,6130.0,6130.0,6130.0,6130.0,
1743373310,4,6130,2388.75,39,2936.3022522667293,1693.0,5430.75,6130.0,6130.0,6130.0,6130.0,
1743373340,4,6130,2388.75,39,2936.3022522667293,1693.0,5430.75,6130.0,6130.0,6130.0,6130.0,
1743373370,4,6130,2388.75,39,2936.3022522667293,1693.0,5430.75,6130.0,6130.0,6130.0,6130.0,
1743373400,4,6130,2388.75,39,2936.3022522667293,1693.0,5430.75,6130.0,6130.0,6130.0,6130.0,
1743373430,4,6130,2388.75,39,2936.3022522667293,1693.0,5430.75,6130.0,6130.0,6130.0,6130.0,
1743373460,4,6130,2388.75,39,2936.3022522667293,1693.0,5430.75,6130.0,6130.0,6130.0,6130.0,
1743373490,4,6130,2388.75,39,2936.3022522667293,1693.0,5430.75,6130.0,6130.0,6130.0,6130.0,
1743373520,4,6130,2388.75,39,2936.3022522667293,1693.0,5430.75,6130.0,6130.0,6130.0,6130.0,
1743373550,4,6130,2388.75,39,2936.3022522667293,1693.0,5430.75,6130.0,6130.0,6130.0,6130.0,
1743373580,4,6130,2388.75,39,2936.3022522667293,1693.0,5430.75,6130.0,6130.0,6130.0,6130.0,
1743373610,4,6130,2388.75,39,2936.3022522667293,1693.0,5430.75,6130.0,6130.0,6130.0,6130.0,
1743373640,4,6130,2388.75,39,2936.3022522667293,1693.0,5430.75,6130.0,6130.0,6130.0,6130.0,
1743373670,4,6130,2388.75,39,2936.3022522667293,1693.0,5430.75,6130.0,6130.0,6130.0,6130.0,
1743373700,4,6130,2388.75,39,2936.3022522667293,1693.0,5430.75,6130.0,6130.0,6130.0,6130.0,
1743373730,4,6130,2388.75,39,2936.3022522667293,1693.0,5430.75,6130.0,6130.0,6130.0,6130.0,
1743373760,4,6130,2388.75,39,2936.3022522667293,1693.0,5430.75,6130.0,6130.0,6130.0,6130.0,
1743373790,4,6130,2388.75,39,2936.3022522667293,1693.0,5430.75,6130.0,6130.0,6130.0,6130.0,
1743373820,4,6130,2388.75,39,2936.3022522667293,1693.0,5430.75,6130.0,6130.0,6130.0,6130.0,
1743373850,4,6130,2388.75,39,2936.3022522667293,1693.0,5430.75,6130.0,6130.0,6130.0,6130.0,
1743373880,4,6130,2388.75,39,2936.3022522667293,1693.0,5430.75,6130.0,6130.0,6130.0,6130.0,
1743373910,4,6130,2388.75,39,2936.3022522667293,1693.0,5430.75,6130.0,6130.0,6130.0,6130.0,
1743373940,4,6130,2388.75,39,2936.3022522667293,1693.0,5430.75,6130.0,6130.0,6130.0,6130.0,
1743373970,4,6130,2388.75,39,2936.3022522667293,1693.0,5430.75,6130.0,6130.0,6130.0,6130.0,
1743374000,4,6130,2388.75,39,2936.3022522667293,1693.0,5430.75,6130.0,6130.0,6130.0,6130.0,
1743374030,4,6130,2388.75,39,2936.3022522667293,1693.0,5430.75,6130.0,6130.0,6130.0,6130.0,
1743374060,4,6130,2388.75,39,2936.3022522667293,1693.0,5430.75,6130.0,6130.0,6130.0,6130.0,
1743374090,4,6130,2388.75,39,2936.3022522667293,1693.0,5430.75,6130.0,6130.0,6130.0,6130.0,
1743374120,4,6130,2388.75,39,2936.3022522667293,1693.0,5430.75,6130.0,6130.0,6130.0,6130.0,
1743374150,4,6130,2388.75,39,2936.3022522667293,1693.0,5430.75,6130.0,6130.0,6130.0,6130.0,
1743374180,4,6130,2388.75,39,2936.3022522667293,1693.0,5430.75,6130.0,6130.0,6130.0,6130.0,
1743374210,4,6130,2388.75,39,2936.3022522667293,1693.0,5430.75,6130.0,6130.0,6130.0,6130.0,
1743374240,4,6130,2388.75,39,2936.3022522667293,1693.0,5430.75,6130.0,6130.0,6130.0,6130.0,
1743374270,4,6130,2388.75,39,2936.3022522667293,1693.0,5430.75,6130.0,6130.0,6130.0,6130.0,
1743374300,4,6130,2388.75,39,2936.3022522667293,1693.0,5430.75,6130.0,6130.0,6130.0,6130.0,
1743374330,4,6130,2388.75,39,2936.3022522667293,1693.0,5430.75,6130.0,6130.0,6130.0,6130.0,
1743374360,4,6130,2388.75,39,2936.3022522667293,1693.0,5430.75,6130.0,6130.0,6130.0,6130.0,
1743374390,4,6130,2388.75,39,2936.3022522667293,1693.0,5430.75,6130.0,6130.0,6130.0,6130.0,
1743374420,4,6130,2388.75,39,2936.3022522667293,1693.0,5430.75,6130.0,6130.0,6130.0,6130.0,
1743374450,4,6130,2388.75,39,2936.3022522667293,1693.0,5430.75,6130.0,6130.0,6130.0,6130.0,
1743374480,4,6130,2388.75,39,2936.3022522667293,1693.0,5430.75,6130.0,6130.0,6130.0,6130.0,
1743374510,4,6130,2388.75,39,2936.3022522667293,1693.0,5430.75,6130.0,6130.0,6130.0,6130.0,
1743374540,4,6130,2388.75,39,2936.3022522667293,1693.0,5430.75,6130.0,6130.0,6130.0,6130.0,
1743374570,4,6130,2388.75,39,2936.3022522667293,1693.0,5430.75,6130.0,6130.0,6130.0,6130.0,
1743374600,4,6130,2388.75,39,2936.3022522667293,1693.0,5430.75,6130.0,6130.0,6130.0,6130.0,
1743374630,4,6130,2388.75,39,2936.3022522667293,1693.0,5430.75,6130.0,6130.0,6130.0,6130.0,
1743374660,4,6130,2388.75,39,2936.3022522667293,1693.0,5430.75,6130.0,6130.0,6130.0,6130.0,
1743374691,4,6130,2388.75,39,2936.3022522667293,1693.0,5430.75,6130.0,6130.0,6130.0,6130.0,
1743374721,4,6130,2388.75,39,2936.3022522667293,1693.0,5430.75,6130.0,6130.0,6130.0,6130.0,
1743374751,4,6130,2388.75,39,2936.3022522667293,1693.0,5430.75,6130.0,6130.0,6130.0,6130.0,
1743374781,4,6130,2388.75,39,2936.3022522667293,1693.0,5430.75,6130.0,6130.0,6130.0,6130.0,
1743376594,4,6130,2388.75,39,2936.3022522667293,1693.0,5430.75,6130.0,6130.0,6130.0,6130.0,
1743376624,4,6130,2388.75,39,2936.3022522667293,1693.0,5430.75,6130.0,6130.0,6130.0,6130.0,
1743376654,4,6130,2388.75,39,2936.3022522667293,1693.0,5430.75,6130.0,6130.0,6130.0,6130.0,
1743376684,4,6130,2388.75,39,2936.3022522667293,1693.0,5430.75,6130.0,6130.0,6130.0,6130.0,
1743376714,4,6130,2388.75,39,2936.3022522667293,1693.0,5430.75,6130.0,6130.0,6130.0,6130.0,
1743376744,4,6130,2388.75,39,2936.3022522667293,1693.0,5430.75,6130.0,6130.0,6130.0,6130.0,
